State,City,2024 Population Estimate,Area Type,Source(s)
Tripura,Agartala,"6,70,388",,https://worldpopulationreview.com/cities/india/agartala
Uttar Pradesh,Agra,"24,78,340",,https://worldpopulationreview.com/cities/india/agra
Gujarat,Ahmedabad,"81,59,000",City,https://www.census2011.co.in/census/city/314-ahmedabad.html
Maharashtra,Ahmednagar,"4,32,000",Metro,https://www.macrotrends.net/global-metrics/cities/21153/ahmadnagar/population
Mizoram,Aizawl,"4,15,000",Metro,https://www.macrotrends.net/global-metrics/cities/21154/aizawl/population
Rajasthan,Ajmer,"7,92,000",City,https://www.census2011.co.in/census/city/82-ajmer.html
Maharashtra,Akola,"6,21,000",City,https://www.census2011.co.in/census/city/348-akola.html
Rajasthan,Alwar,"4,82,000",Metro,https://worldpopulationreview.com/cities/india/alwar
Andhra Pradesh,Amaravati,"1,03,000",City,https://en.wikipedia.org/wiki/Amaravati
Haryana,Ambala,"2,83,000",City,https://www.census2011.co.in/census/city/31-ambala.html
Maharashtra,Amravati,"9,44,000",City,https://www.census2011.co.in/census/city/350-amravati.html
Punjab,Amritsar,"16,55,000",City,https://www.census2011.co.in/census/city/18-amritsar.html
Andhra Pradesh,Anantapur,"3,80,000",City,https://www.census2011.co.in/census/city/422-anantapur.html
Odisha,Angul,"12,73,821",District,https://indiagraphy.com/odisha/angul.html
Gujarat,Ankleshwar,"36,000",Industrial Area,https://www.census2011.co.in/data/town/802609-anklesvar-gujarat.html
Bihar,Araria,"28,11,569",District,https://en.wikipedia.org/wiki/Araria_district
Tamil Nadu,Ariyalur,"7,54,894",District,https://villageinfo.org/district/ariyalur
Bihar,Arrah,"3,70,000",Metro,https://worldpopulationreview.com/cities/india/arrah
West Bengal,Asansol,"15,65,300",Metro,https://worldpopulationreview.com/cities/india/asansol
Maharashtra,Aurangabad (MH),"17,17,000",City,https://www.census2011.co.in/census/city/360-aurangabad.html
Bihar,Aurangabad (BR),"1,47,000",City,https://www.census2011.co.in/census/city/180-aurangabad.html
Himachal Pradesh,Baddi,"42,000",City,https://www.census2011.co.in/data/town/800124-baddi-himachal-pradesh.html
Maharashtra,Badlapur,"2,52,000",City,https://www.census2011.co.in/data/town/802792-badlapur-maharashtra.html
Karnataka,Bagalkot,"18,89,752",District,https://www.census2011.co.in/census/district/241-bagalkot.html
Uttar Pradesh,Baghpat,"50,310",City,https://en.wikipedia.org/wiki/Baghpat
Haryana,Bahadurgarh,"2,46,000",City,https://www.census2011.co.in/data/town/800418-bahadurgarh-haryana.html
Odisha,Balasore,"23,20,529",District,https://indiagraphy.com/odisha/balasore-census-table.html
Haryana,Ballabgarh,"2,14,894",Subdistrict,https://www.citypopulation.de/en/india/haryana/admin/faridabad/00426__ballabgarh/
Rajasthan,Banswara,"1,43,000",City,https://www.census2011.co.in/census/city/88-banswara.html
Rajasthan,Baran,"12,22,755",District,https://www.census2011.co.in/census/district/453-baran.html
Odisha,Barbil,"94,000",City,https://www.census2011.co.in/data/town/801821-barbil-orissa.html
Uttar Pradesh,Bareilly,"14,13,000",Metro,https://www.macrotrends.net/global-metrics/cities/21179/bareilly/population
Odisha,Baripada,"1,58,000",City,https://www.census2011.co.in/census/city/266-baripada.html
Rajasthan,Barmer,"1,38,000",City,https://www.census2011.co.in/data/town/800550-barmer-rajasthan.html
West Bengal,Barrackpore,"2,21,000",City,https://en.wikipedia.org/wiki/Barrackpore
Punjab,Bathinda,"4,16,000",City,https://worldpopulationreview.com/cities/india/bathinda
Bihar,Begusarai,"29,70,541",District,https://indiagraphy.com/bihar/begusarai.html
Maharashtra,Belapur,"1,082",Village,https://villageinfo.org/village/393970
Karnataka,Belgaum,"7,12,000",City,https://worldpopulationreview.com/cities/india/belgaum
Karnataka,Bengaluru,"1,23,52,000",City,https://worldpopulationreview.com/cities/india/bangalore
Bihar,Bettiah,"1,58,000",,-
Bihar,Bhagalpur,"4,65,000",,-
Rajasthan,Bharatpur,"3,26,000",,
Chhattisgarh,Bhilai,"11,80,000",,
Rajasthan,Bhilwara,"4,30,000",,
Rajasthan,Bhiwadi,"2,23,000",,
Maharashtra,Bhiwandi,"9,35,000",,
Haryana,Bhiwani,"3,11,000",,
Madhya Pradesh,Bhopal,"27,28,000",,
Odisha,Bhubaneswar,"12,30,000",,
Karnataka,Bidar,"2,26,000",,
Bihar,Bihar Sharif,"3,33,000",,
Rajasthan,Bikaner,"8,29,000",,
Chhattisgarh,Bilaspur,"7,08,000",,
Odisha,Bileipada,"5,100",,
Maharashtra,Boisar,"60,000",,
Odisha,Brajrajnagar,"83,000",,
Uttar Pradesh,Bulandshahr,"2,87,000",,
Rajasthan,Bundi,"1,19,000",,
Bihar,Buxar,"1,35,000",,
Odisha,Byasanagar,"62,000",,
Assam,Byrnihat,"20,000",,
Karnataka,Chamarajanagar,"95,000",,
Chandigarh,Chandigarh,"11,96,000",,
Maharashtra,Chandrapur,"3,50,000",,
Haryana,Charkhi Dadri,"1,68,000",,
Tamil Nadu,Chengalpattu,"90,000",,
Tamil Nadu,Chennai,"1,15,40,000",metro,
Chhattisgarh,Chhal,"6,000",,
Bihar,Chhapra,"2,62,000",,
Karnataka,Chikkaballapur,"72,000",,
Karnataka,Chikkamagaluru,"1,30,000",,
Andhra Pradesh,Chittoor,"1,78,000",,
Rajasthan,Chittorgarh,"1,58,000",,
Rajasthan,Churu,"1,27,000",,
Tamil Nadu,Coimbatore,"27,02,000",,
Tamil Nadu,Cuddalore,"2,30,000",,
Odisha,Cuttack,"8,50,000",,
Madhya Pradesh,Damoh,"1,65,000",,
Bihar,Darbhanga,"3,96,000",,
Rajasthan,Dausa,"1,20,000",,
Karnataka,Davanagere,"5,45,000",,
Uttarakhand,Dehradun,"9,68,000",,
Delhi,Delhi,"3,38,00,000",,
Madhya Pradesh,Dewas,"4,03,000",,
Jharkhand,Dhanbad,"14,56,000",,
Haryana,Dharuhera,"61,000",,
Karnataka,Dharwad,"12,10,000",Twin city UA,
Rajasthan,Dholpur,"1,62,000",,
Maharashtra,Dhule,"5,87,000",,
Tamil Nadu,Dindigul,"2,79,000",,
Rajasthan,Dungarpur,"1,14,000",,
West Bengal,Durgapur,"7,29,000",,
Kerala,Eloor,"63,000",,
Kerala,Ernakulam,"2,87,000",city,
Kerala,Ernakulam,"38,50,000",metro,
Haryana,Faridabad,"19,00,000",,
Haryana,Fatehabad,"79,000",,
Uttar Pradesh,Firozabad,"7,00,000",,
Karnataka,Gadag,"2,16,000",,
Gujarat,Gandhi Nagar,"3,70,000",,
Sikkim,Gangtok,"1,35,000",,
Bihar,Gaya,"4,76,000",,
Uttar Pradesh,Ghaziabad,"22,03,000",,
Uttar Pradesh,Gorakhpur,"9,56,000",,
Uttar Pradesh,Greater Noida,"8,70,000",,
Tamil Nadu,Gummidipoondi,"48,000",,
Haryana,Gurugram,"12,50,000",,
Assam,Guwahati,"12,20,000",,
Madhya Pradesh,Gwalior,"13,22,000",,
Bihar,Hajipur,"1,77,000",,
West Bengal,Haldia,"2,20,000",,
Rajasthan,Hanumangarh,"1,54,000",,
Uttar Pradesh,Hapur,"3,87,000",,
Karnataka,Hassan,"1,90,000",,
Karnataka,Haveri,"1,12,000",,
Haryana,Hisar,"3,61,000",,
Tamil Nadu,Hosur,"4,64,000",,
West Bengal,Howrah,"11,96,000",city,
West Bengal,Howrah,"48,00,000",metro,
Karnataka,Hubballi,"11,21,000",with Dharwad UA,
Telangana,Hyderabad,"1,08,50,000",UA,
Manipur,Imphal,"5,82,000",,
Madhya Pradesh,Indore,"32,46,000",,
Madhya Pradesh,Jabalpur,"15,96,000",,
Rajasthan,Jaipur,"42,50,000",,
Rajasthan,Jaisalmer,"80,000",,
Punjab,Jalandhar,"9,56,000",,
Maharashtra,Jalgaon,"6,08,000",,
Maharashtra,Jalna,"3,08,000",,
Rajasthan,Jalore,"85,000",,
Rajasthan,Jhalawar,"78,000",,
Uttar Pradesh,Jhansi,"6,28,000",,
Rajasthan,Jhunjhunu,"1,39,000",,
Haryana,Jind,"2,00,000",,
Rajasthan,Jodhpur,"17,26,000",,
Jharkhand,Jorapokhar,"10,000",,
Andhra Pradesh,Kadapa,"3,85,000",,
Haryana,Kaithal,"1,80,000",,
Karnataka,Kalaburagi,"6,23,000",,
Maharashtra,Kalyan,"20,73,000",,
Tamil Nadu,Kanchipuram,"1,75,000",,
Kerala,Kannur,"2,46,000",,
Uttar Pradesh,Kanpur,"36,19,000",,
Rajasthan,Karauli,"1,02,000",,
Haryana,Karnal,"4,07,000",,
Tamil Nadu,Karur,"2,15,000",,
Karnataka,Karwar,"92,000",,
Uttarakhand,Kashipur,"1,35,000",,
Bihar,Katihar,"2,56,000",,
Madhya Pradesh,Katni,"2,38,000",,
Odisha,Keonjhar,"65,000",,
Punjab,Khanna,"1,37,000",,
Uttar Pradesh,Khurja,"1,62,000",,
Bihar,Kishanganj,"1,45,000",,
Kerala,Kochi,"6,76,000",city,
Kerala,Kochi,"32,00,000",metro,
Nagaland,Kohima,"1,14,000",,
Karnataka,Kolar,"1,62,000",,
Maharashtra,Kolhapur,"6,16,000",,
West Bengal,Kolkata,"1,49,80,000",UA/metro,
Kerala,Kollam,"3,58,000",,
Karnataka,Koppal,"76,000",,
Chhattisgarh,Korba,"4,48,000",,
Rajasthan,Kota,"14,82,000",,
Kerala,Kozhikode,"6,09,000",city,
Kerala,Kozhikode,"28,86,000",metro,
Chhattisgarh,Kunjemura,"4,400",,
Haryana,Kurukshetra,"2,01,000",,
Maharashtra,Latur,"5,17,000",,
Uttar Pradesh,Lucknow,"38,05,000",,
Punjab,Ludhiana,"17,75,000",,
Karnataka,Madikeri,"37,000",,
Tamil Nadu,Madurai,"16,97,000",,
Maharashtra,Mahad,"56,000",,
Madhya Pradesh,Maihar,"54,000",,
Maharashtra,Malegaon,"6,73,000",,
Punjab,Mandi Gobindgarh,"1,47,000",,
Madhya Pradesh,Mandideep,"65,000",,
Haryana,Mandikhera,"4,800",,
Haryana,Manesar,"77,000",,
Karnataka,Mangalore,"7,63,000",,
Bihar,Manguraha,"8,200",,
Uttar Pradesh,Meerut,"19,51,000",,
Chhattisgarh,Milupara,"2,900",,
Maharashtra,Mira Bhayandar,"11,42,000",,
Uttar Pradesh,Moradabad,"12,30,000",,
Bihar,Motihari,"1,55,000",,
Maharashtra,Mumbai,"2,09,60,000",metro,
Bihar,Munger,"2,41,000",,
Uttar Pradesh,Muzaffarnagar,"6,64,000",,
Bihar,Muzaffarpur,"4,77,000",city,
Karnataka,Mysuru,"12,52,000",,
Assam,Nagaon,"1,67,000",,
Tamil Nadu,Nagapattinam,"1,07,000",,
Rajasthan,Nagaur,"1,64,000",,
Maharashtra,Nagpur,"32,96,000",,
Arunachal Pradesh,Naharlagun,"64,000",,
Assam,Nalbari,"74,000",,
Tamil Nadu,Namakkal,"65,000",,
Maharashtra,Nanded,"6,46,000",,
Gujarat,Nandesari,"51,000",,
Haryana,Narnaul,"78,000",,
Maharashtra,Nashik,"23,31,000",,
Maharashtra,Navi Mumbai,"17,88,000",,
Odisha,Nayagarh,"21,000",,
Uttar Pradesh,NOIDA,"10,58,000",,
Tamil Nadu,Ooty,"95,000",,
Rajasthan,Pali,"3,02,000",,
Tamil Nadu,Palkalaiperur,"20,000",,
Haryana,Palwal,"1,72,000",,
Haryana,Panchgaon,"13,000",,
Haryana,Panchkula,"3,25,000",,
Haryana,Panipat,"4,57,000",,
Maharashtra,Parbhani,"3,98,000",,
Jharkhand,Pathardih,"39,000",,
Punjab,Patiala,"4,84,000",,
Bihar,Patna,"27,83,000",,
Maharashtra,Pimpri Chinchwad,"21,59,000",,
Madhya Pradesh,Pithampur,"1,65,000",,
Rajasthan,Pratapgarh,"92,000",,
Uttar Pradesh,Prayagraj,"17,20,000",,
Puducherry,Puducherry,"10,08,000",,
Tamil Nadu,Pudukottai,"1,50,000",,
Maharashtra,Pune,"71,80,000",UA,
Bihar,Purnia,"3,40,000",,
Karnataka,Raichur,"2,71,000",,
Chhattisgarh,Raipur,"16,26,000",,
Odisha,Rairangpur,"27,000",,
Andhra Pradesh,Rajamahendravaram,"4,17,000",,
Bihar,Rajgir,"53,000",,
Rajasthan,Rajsamand,"76,000",,
Karnataka,Ramanagara,"1,09,000",,
Tamil Nadu,Ramanathapuram,"70,000",,
Tamil Nadu,Ranipet,"54,000",,
Madhya Pradesh,Ratlam,"3,89,000",,
Uttarakhand,Rishikesh,"1,29,000",,
Haryana,Rohtak,"4,41,000",,
Odisha,Rourkela,"7,22,000",,
Punjab,Rupnagar,"72,000",,
Madhya Pradesh,Sagar,"5,21,000",,
Bihar,Saharsa,"1,65,000",,
Tamil Nadu,Salem,"12,95,000",,
Bihar,Samastipur,"78,000",,
Maharashtra,Sangli,"5,57,000",,
Bihar,Sasaram,"1,67,000",,
Madhya Pradesh,Satna,"3,25,000",,
Rajasthan,Sawai Madhopur,"1,43,000",,
Meghalaya,Shillong,"4,47,000",,
Karnataka,Shivamogga,"3,58,000",,
Rajasthan,Sikar,"3,04,000",,
Assam,Silchar,"2,33,000",,
West Bengal,Siliguri,"7,28,000",,
Madhya Pradesh,Singrauli,"2,36,000",,
Rajasthan,Sirohi,"48,000",,
Haryana,Sirsa,"2,03,000",,
Assam,Sivasagar,"55,000",,
Bihar,Siwan,"1,49,000",,
Maharashtra,Solapur,"10,38,000",,
Haryana,Sonipat,"3,18,000",,
Rajasthan,Sri Ganganagar,"2,68,000",,
Andaman and Nicobar Islands,Sri Vijaya Puram,"4,400",,
Jammu and Kashmir,Srinagar,"17,94,000",,
Odisha,Suakati,"8,700",,
Gujarat,Surat,"78,91,000",,
Odisha,Talcher,"45,000",,
Odisha,Tensa,"6,500",,
Maharashtra,Thane,"20,59,000",,
Tamil Nadu,Thanjavur,"2,53,000",,
Kerala,Thiruvananthapuram,"10,02,000",,
Tamil Nadu,Thoothukudi,"3,04,000",,
Kerala,Thrissur,"3,47,000",,
Tamil Nadu,Tiruchirappalli,"11,73,000",,
Andhra Pradesh,Tirumala,"16,000",,
Tamil Nadu,Tirunelveli,"5,76,000",,
Andhra Pradesh,Tirupati,"4,07,000",,
Tamil Nadu,Tiruppur,"8,02,000",,
Rajasthan,Tonk,"1,99,000",,
Karnataka,Tumakuru,"4,45,000",,
Chhattisgarh,Tumidih,"6,700",,
Rajasthan,Udaipur,"6,28,000",,
Karnataka,Udupi,"1,40,000",,
Madhya Pradesh,Ujjain,"6,76,000",,
Maharashtra,Ulhasnagar,"5,65,000",,
Gujarat,Vapi,"2,73,000",,
Uttar Pradesh,Varanasi,"14,71,000",,
Gujarat,Vatva,"60,000",,
Tamil Nadu,Vellore,"5,22,000",,
Karnataka,Vijayapura,"4,03,000",,
Andhra Pradesh,Vijayawada,"11,83,000",,
Maharashtra,Virar,"13,95,000",,
Tamil Nadu,Virudhunagar,"80,000",,
Andhra Pradesh,Visakhapatnam,"24,61,000",,
Uttar Pradesh,Vrindavan,"82,000",,
Karnataka,Yadgir,"78,000",,
Haryana,Yamunanagar,"3,15,000",,
