City/District,"Per Capita Income (?, 2024�25) per Annum",State,Resource
Agartala,176943,Tripura,https://www.ceicdata.com/en/india/net-state-domestic-product-per-capita/nsdp-per-capita-tripura
Agra,107468,Uttar Pradesh,https://prsindia.org/budgets/states/uttar-pradesh-budget-analysis-2025-26
Ahmedabad,389332,Gujarat,https://www.nobroker.in/blog/richest-cities-in-india/
Ahmednagar,165467,Maharashtra,https://www.ceicdata.com/en/india/gross-district-domestic-product-per-capita-current-price/nas-20112012-gross-district-value-added-per-capita-maharashtra-ahmednagar
Aizawl,275633,Mizoram,https://prsindia.org/files/budget/budget_state/mizoram/2025/Mizoram_Budget_Analysis_2025-26.pdf
Ajmer,185053,Rajasthan,https://www.ceicdata.com/en/india/memo-items-state-economy-net-state-domestic-product-per-capita/nsdp-per-capita-rajasthan
Akola,160000,Maharashtra,https://www.ceicdata.com/en/india/census-population-by-towns-and-urban-agglomerations-maharashtra/census-population-maharashtra-akola
Alwar,185053,Rajasthan,https://www.ceicdata.com/en/india/memo-items-state-economy-net-state-domestic-product-per-capita/nsdp-per-capita-rajasthan
Amaravati,141609,Andhra Pradesh,https://indianexpress.com/article/india/indias-top-10-states-with-highest-per-capita-income-10146812/
Ambala,194285,Haryana,https://indianexpress.com/article/india/indias-top-10-states-with-highest-per-capita-income-10146812/
Amravati,155000,Maharashtra,https://cdnbbsr.s3waas.gov.in/s349d4b2faeb4b7b9e745775793141e2b2/uploads/2025/01/2025030788773769.pdf
Amritsar,135356,Punjab,https://indianexpress.com/article/india/indias-top-10-states-with-highest-per-capita-income-10146812/
Anantapur,141609,Andhra Pradesh,https://indianexpress.com/article/india/indias-top-10-states-with-highest-per-capita-income-10146812/
Angul,106918,Odisha,https://indianexpress.com/article/india/indias-top-10-states-with-highest-per-capita-income-10146812/
Ankleshwar,195617,Gujarat,https://indianexpress.com/article/india/indias-top-10-states-with-highest-per-capita-income-10146812/
Araria,32227,Bihar,https://indianexpress.com/article/india/indias-top-10-states-with-highest-per-capita-income-10146812/
Ariyalur,196309,Tamil Nadu,https://indianexpress.com/article/india/indias-top-10-states-with-highest-per-capita-income-10146812/
Arrah,32227,Bihar,https://indianexpress.com/article/india/indias-top-10-states-with-highest-per-capita-income-10146812/
Asansol,82781,West Bengal,https://indianexpress.com/article/india/indias-top-10-states-with-highest-per-capita-income-10146812/
Aurangabad (BR),32227,Bihar,https://indianexpress.com/article/india/indias-top-10-states-with-highest-per-capita-income-10146812/
Aurangabad (MH),176678,Maharashtra,https://indianexpress.com/article/india/indias-top-10-states-with-highest-per-capita-income-10146812/
Baddi,163465,Himachal Pradesh,https://indianexpress.com/article/india/indias-top-10-states-with-highest-per-capita-income-10146812/
Badlapur,176678,Maharashtra,https://indianexpress.com/article/india/indias-top-10-states-with-highest-per-capita-income-10146812/
Bagalkot,204605,Karnataka,https://indianexpress.com/article/india/indias-top-10-states-with-highest-per-capita-income-10146812/
Baghpat,107468,Uttar Pradesh,https://prsindia.org/budgets/states/uttar-pradesh-budget-analysis-2025-26
Bahadurgarh,194285,Haryana,https://indianexpress.com/article/india/indias-top-10-states-with-highest-per-capita-income-10146812/
Balasore,106918,Odisha,https://indianexpress.com/article/india/indias-top-10-states-with-highest-per-capita-income-10146812/
Ballabgarh,194285,Haryana,https://indianexpress.com/article/india/indias-top-10-states-with-highest-per-capita-income-10146812/
Banswara,185053,Rajasthan,https://www.ceicdata.com/en/india/memo-items-state-economy-net-state-domestic-product-per-capita/nsdp-per-capita-rajasthan
Baran,185053,Rajasthan,https://www.ceicdata.com/en/india/memo-items-state-economy-net-state-domestic-product-per-capita/nsdp-per-capita-rajasthan
Barbil,106918,Odisha,https://indianexpress.com/article/india/indias-top-10-states-with-highest-per-capita-income-10146812/
Bareilly,107468,Uttar Pradesh,https://prsindia.org/budgets/states/uttar-pradesh-budget-analysis-2025-26
Baripada,106918,Odisha,https://indianexpress.com/article/india/indias-top-10-states-with-highest-per-capita-income-10146812/
Barmer,185053,Rajasthan,https://www.ceicdata.com/en/india/memo-items-state-economy-net-state-domestic-product-per-capita/nsdp-per-capita-rajasthan
Barrackpore,82781,West Bengal,https://indianexpress.com/article/india/indias-top-10-states-with-highest-per-capita-income-10146812/
Bathinda,135356,Punjab,https://indianexpress.com/article/india/indias-top-10-states-with-highest-per-capita-income-10146812/
Begusarai,32227,Bihar,https://indianexpress.com/article/india/indias-top-10-states-with-highest-per-capita-income-10146812/
Belapur,176678,Maharashtra,https://indianexpress.com/article/india/indias-top-10-states-with-highest-per-capita-income-10146812/
Belgaum,204605,Karnataka,https://indianexpress.com/article/india/indias-top-10-states-with-highest-per-capita-income-10146812/
Bengaluru,204605,Karnataka,
Bettiah,32227,Bihar,
Bhagalpur,32227,Bihar,
Bharatpur,185053,Rajasthan,
Bhilai,93161,Chhattisgarh,
Bhilwara,185053,Rajasthan,
Bhiwadi,185053,Rajasthan,
Bhiwandi,176678,Maharashtra,
Bhiwani,194285,Haryana,
Bhopal,70434,Madhya Pradesh,
Bhubaneswar,106918,Odisha,
Bidar,204605,Karnataka,
Bihar Sharif,32227,Bihar,
Bikaner,185053,Rajasthan,
Bilaspur,93161,Chhattisgarh,
Bileipada,106918,Odisha,
Boisar,176678,Maharashtra,
Brajrajnagar,106918,Odisha,
Bulandshahr,107468,Uttar Pradesh,
Bundi,185053,Rajasthan,
Buxar,32227,Bihar,
Byasanagar,106918,Odisha,
Byrnihat,77412,Meghalaya,
Chamarajanagar,204605,Karnataka,
Chandigarh,256912,Chandigarh,
Chandrapur,176678,Maharashtra,
Charkhi Dadri,194285,Haryana,
Chengalpattu,196309,Tamil Nadu,
Chennai,196309,Tamil Nadu,
Chhal,106918,Chhattisgarh,
Chhapra,32227,Bihar,
Chikkaballapur,204605,Karnataka,
Chikkamagaluru,204605,Karnataka,
Chittoor,141609,Andhra Pradesh,
Chittorgarh,185053,Rajasthan,
Churu,185053,Rajasthan,
Coimbatore,196309,Tamil Nadu,
Cuddalore,196309,Tamil Nadu,
Cuttack,106918,Odisha,
Damoh,110000,Madhya Pradesh,
Darbhanga,32000,Bihar,
Dausa,185000,Rajasthan,
Davanagere,205000,Karnataka,
Dehradun,240000,Uttarakhand,
Delhi,430000,Delhi,
Dewas,110000,Madhya Pradesh,
Dhanbad,90000,Jharkhand,
Dharuhera,200000,Haryana,
Dharwad,200000,Karnataka,
Dholpur,185000,Rajasthan,
Dhule,180000,Maharashtra,
Dindigul,190000,Tamil Nadu,
Dungarpur,185000,Rajasthan,
Durgapur,100000,West Bengal,
Eloor,240000,Kerala,
Ernakulam,240000,Kerala,
Faridabad,190000,Haryana,
Fatehabad,185000,Haryana,
Firozabad,110000,Uttar Pradesh,
Gadag,205000,Karnataka,
Gandhi Nagar,220000,Gujarat,
Gangtok,230000,Sikkim,
Gaya,32000,Bihar,
Ghaziabad,210000,Uttar Pradesh,
Gorakhpur,32000,Uttar Pradesh,
Greater Noida,210000,Uttar Pradesh,
Gummidipoondi,190000,Tamil Nadu,
Gurugram,290000,Haryana,
Guwahati,160000,Assam,
Gwalior,110000,Madhya Pradesh,
Hajipur,32000,Bihar,
Haldia,100000,West Bengal,
Hanumangarh,185000,Rajasthan,
Hapur,185000,Uttar Pradesh,
Hassan,205000,Karnataka,
Haveri,205000,Karnataka,
Hisar,185000,Haryana,
Hosur,230000,Tamil Nadu,
Howrah,100000,West Bengal,
Hubballi,200000,Karnataka,
Hyderabad,350000,Telangana,
Imphal,150000,Manipur,
Indore,120000,Madhya Pradesh,
Jabalpur,110000,Madhya Pradesh,
Jaipur,185000,Rajasthan,
Jaisalmer,185000,Rajasthan,
Jalandhar,110000,Punjab,
Jalgaon,180000,Maharashtra,
Jalna,110000,Maharashtra,
Jalore,185000,Rajasthan,
Jhalawar,185000,Rajasthan,
Jhansi,180000,Uttar Pradesh,
Jhunjhunu,185000,Rajasthan,
Jind,190000,Haryana,
Jodhpur,185000,Rajasthan,
Jorapokhar,90000,Jharkhand,
Kadapa,140000,Andhra Pradesh,
Kaithal,190000,Haryana,
Kalaburagi,205000,Karnataka,
Kalyan,180000,Maharashtra,
Kanchipuram,190000,Tamil Nadu,
Kannur,160000,Kerala,
Kanpur,110000,Uttar Pradesh,
Karauli,185000,Rajasthan,
Karnal,195000,Haryana,
Karur,190000,Tamil Nadu,
Karwar,200000,Karnataka,
Kashipur,185000,Uttarakhand,
Katihar,32000,Bihar,
Katni,110000,Madhya Pradesh,
Keonjhar,105000,Odisha,
Khanna,195000,Punjab,
Khurja,110000,Uttar Pradesh,
Kishanganj,32000,Bihar,
Kochi,240000,Kerala,
Kohima,150000,Nagaland,
Kolar,205000,Karnataka,
Kolhapur,190000,Maharashtra,
Kolkata,100000,West Bengal,
Kollam,160000,Kerala,
Koppal,205000,Karnataka,
Korba,90000,Chhattisgarh,
Kota,185000,Rajasthan,
Kozhikode,160000,Kerala,
Kunjemura,105000,Odisha,
Kurukshetra,190000,Haryana,
Latur,180000,Maharashtra,
Lucknow,110000,Uttar Pradesh,
Ludhiana,190000,Punjab,
Madikeri,160000,Karnataka,
Madurai,190000,Tamil Nadu,
Mahad,180000,Maharashtra,
Maihar,110000,Madhya Pradesh,
Malegaon,180000,Maharashtra,
Mandi Gobindgarh,190000,Punjab,
Mandideep,185000,Madhya Pradesh,
Mandikhera,185000,Rajasthan,
Manesar,300000,Haryana,
Mangalore,210000,Karnataka,
Manguraha,32000,Uttar Pradesh,
Meerut,110000,Uttar Pradesh,
Milupara,32000,Assam,
Mira Bhayandar,180000,Maharashtra,
Moradabad,110000,Uttar Pradesh,
Motihari,32000,Bihar,
Mumbai,350000,Maharashtra,
Munger,32000,Bihar,
Muzaffarnagar,110000,Uttar Pradesh,
Muzaffarpur,32000,Bihar,
Mysuru,205000,Karnataka,
Nagaon,150000,Assam,
Nagapattinam,180000,Tamil Nadu,
Nagaur,185000,Rajasthan,
Nagpur,180000,Maharashtra,
Naharlagun,160000,Arunachal Pradesh,
Nalbari,150000,Assam,
Namakkal,190000,Tamil Nadu,
Nanded,180000,Maharashtra,
Nandesari,220000,Gujarat,
Narnaul,190000,Haryana,
Nashik,190000,Maharashtra,
Navi Mumbai,270000,Maharashtra,
Nayagarh,105000,Odisha,
Noida,280000,Uttar Pradesh,
Ooty,160000,Tamil Nadu,
Pali,190000,Rajasthan,
Palkalaiperur,190000,Tamil Nadu,
Palwal,190000,Haryana,
Panchgaon,100000,Uttarakhand,
Panchkula,220000,Haryana,
Panipat,190000,Haryana,
Parbhani,180000,Maharashtra,
Pathardih,90000,Jharkhand,
Patiala,190000,Punjab,
Patna,35000,Bihar,
Pimpri Chinchwad,225000,Maharashtra,
Pithampur,220000,Madhya Pradesh,
Pratapgarh,100000,Uttar Pradesh,
Prayagraj,110000,Uttar Pradesh,
Puducherry,230000,Puducherry,
Pudukottai,180000,Tamil Nadu,
Pune,270000,Maharashtra,
Purnia,32000,Bihar,
Raichur,185000,Karnataka,
Raipur,120000,Chhattisgarh,
Rairangpur,98000,Odisha,
Rajamahendravaram,140000,Andhra Pradesh,
Rajgir,32000,Bihar,
Rajsamand,185000,Rajasthan,
Ramanagara,200000,Karnataka,
Ramanathapuram,180000,Tamil Nadu,
Ranipet,200000,Tamil Nadu,
Ratlam,110000,Madhya Pradesh,
Rishikesh,175000,Uttarakhand,
Rohtak,190000,Haryana,
Rourkela,100000,Odisha,
Rupnagar,190000,Punjab,
Sagar,110000,Madhya Pradesh,
Saharsa,32000,Bihar,
Salem,190000,Tamil Nadu,
Samastipur,32000,Bihar,
Sangli,190000,Maharashtra,
Sasaram,32000,Bihar,
Satna,110000,Madhya Pradesh,
Sawai Madhopur,185000,Rajasthan,
Shillong,150000,Meghalaya,
Shivamogga,200000,Karnataka,
Sikar,185000,Rajasthan,
Silchar,120000,Assam,
Siliguri,110000,West Bengal,
Singrauli,110000,Madhya Pradesh,
Sirohi,185000,Rajasthan,
Sirsa,190000,Haryana,
Sivasagar,150000,Assam,
Siwan,32000,Bihar,
Solapur,180000,Maharashtra,
Sonipat,190000,Haryana,
Sri Ganganagar,185000,Rajasthan,
Sri Vijaya Puram,15000,Tamil Nadu,
Srinagar,140000,Jammu and Kashmir,
Suakati,15000,Odisha,
Surat,200000,Gujarat,
Talcher,106000,Odisha,
Tensa,106000,Odisha,
Thane,175000,Maharashtra,
Thanjavur,190000,Tamil Nadu,
Thiruvananthapuram,240000,Kerala,
Thoothukudi,190000,Tamil Nadu,
Thrissur,160000,Kerala,
Tiruchirappalli,190000,Tamil Nadu,
Tirumala,15000,Andhra Pradesh,
Tirunelveli,180000,Tamil Nadu,
Tirupati,190000,Andhra Pradesh,
Tiruppur,200000,Tamil Nadu,
Tonk,185000,Rajasthan,
Tumakuru,205000,Karnataka,
Tumidih,15000,Odisha,
Udaipur,185000,Rajasthan,
Udupi,205000,Karnataka,
Ujjain,120000,Madhya Pradesh,
Ulhasnagar,180000,Maharashtra,
Vapi,220000,Gujarat,
Varanasi,32000,Uttar Pradesh,
Vatva,220000,Gujarat,
Vellore,190000,Tamil Nadu,
Vijayapura,200000,Karnataka,
Vijayawada,170000,Andhra Pradesh,
Virar,150000,Maharashtra,
Virudhunagar,180000,Tamil Nadu,
Visakhapatnam,180000,Andhra Pradesh,
Vrindavan,15000,Uttar Pradesh,
Yadgir,200000,Karnataka,
Yamunanagar,190000,Haryana,
