State,City_Or_District,2024_Population_Estimate,PerCapitaIncome_INR_2024_25_per_Annum,avg_aqi,City_Risk_Score,CRS_Calculation
Assam,Byrnihat,20000,77412,239.9954,13,"ROUND(log(2024_Population_Estimate) * log(PerCapitaIncome_INR_2024_25_per_Annum) * AVG(aqi_value), 2)"
Bihar,Begusarai,2970541,32227,206.6804,6,"ROUND(log(2024_Population_Estimate) * log(PerCapitaIncome_INR_2024_25_per_Annum) * AVG(aqi_value), 2)"
Delhi,Delhi,33800000,430000,206.4169,1,"ROUND(log(2024_Population_Estimate) * log(PerCapitaIncome_INR_2024_25_per_Annum) * AVG(aqi_value), 2)"
Uttar Pradesh,Greater Noida,870000,210000,201.602,2,"ROUND(log(2024_Population_Estimate) * log(PerCapitaIncome_INR_2024_25_per_Annum) * AVG(aqi_value), 2)"
Rajasthan,Sri Ganganagar,268000,185000,197.9394,8,"ROUND(log(2024_Population_Estimate) * log(PerCapitaIncome_INR_2024_25_per_Annum) * AVG(aqi_value), 2)"
Haryana,Gurugram,1250000,290000,190.8482,3,"ROUND(log(2024_Population_Estimate) * log(PerCapitaIncome_INR_2024_25_per_Annum) * AVG(aqi_value), 2)"
Bihar,Darbhanga,396000,32000,190.0898,19,"ROUND(log(2024_Population_Estimate) * log(PerCapitaIncome_INR_2024_25_per_Annum) * AVG(aqi_value), 2)"
Haryana,Dharuhera,61000,200000,185.7225,21,"ROUND(log(2024_Population_Estimate) * log(PerCapitaIncome_INR_2024_25_per_Annum) * AVG(aqi_value), 2)"
Uttar Pradesh,Noida,1058000,280000,183.9893,5,"ROUND(log(2024_Population_Estimate) * log(PerCapitaIncome_INR_2024_25_per_Annum) * AVG(aqi_value), 2)"
Uttar Pradesh,Ghaziabad,2203000,210000,183.0107,4,"ROUND(log(2024_Population_Estimate) * log(PerCapitaIncome_INR_2024_25_per_Annum) * AVG(aqi_value), 2)"
Haryana,Faridabad,1900000,190000,181.9269,7,"ROUND(log(2024_Population_Estimate) * log(PerCapitaIncome_INR_2024_25_per_Annum) * AVG(aqi_value), 2)"
Rajasthan,Bhiwadi,223000,185053,181.6075,12,"ROUND(log(2024_Population_Estimate) * log(PerCapitaIncome_INR_2024_25_per_Annum) * AVG(aqi_value), 2)"
Bihar,Siwan,149000,32000,181.2299,40,"ROUND(log(2024_Population_Estimate) * log(PerCapitaIncome_INR_2024_25_per_Annum) * AVG(aqi_value), 2)"
Bihar,Patna,2783000,35000,179.9271,10,"ROUND(log(2024_Population_Estimate) * log(PerCapitaIncome_INR_2024_25_per_Annum) * AVG(aqi_value), 2)"
Rajasthan,Hanumangarh,154000,185000,177.8232,17,"ROUND(log(2024_Population_Estimate) * log(PerCapitaIncome_INR_2024_25_per_Annum) * AVG(aqi_value), 2)"
Bihar,Chhapra,262000,32227,176.2457,34,"ROUND(log(2024_Population_Estimate) * log(PerCapitaIncome_INR_2024_25_per_Annum) * AVG(aqi_value), 2)"
Uttar Pradesh,Muzaffarnagar,664000,110000,175.5742,11,"ROUND(log(2024_Population_Estimate) * log(PerCapitaIncome_INR_2024_25_per_Annum) * AVG(aqi_value), 2)"
Jharkhand,Dhanbad,1456000,90000,173.4158,9,"ROUND(log(2024_Population_Estimate) * log(PerCapitaIncome_INR_2024_25_per_Annum) * AVG(aqi_value), 2)"
Bihar,Samastipur,78000,32000,170.8943,80,"ROUND(log(2024_Population_Estimate) * log(PerCapitaIncome_INR_2024_25_per_Annum) * AVG(aqi_value), 2)"
Bihar,Saharsa,165000,32000,169.8715,55,"ROUND(log(2024_Population_Estimate) * log(PerCapitaIncome_INR_2024_25_per_Annum) * AVG(aqi_value), 2)"
Haryana,Bahadurgarh,246000,194285,165.3149,20,"ROUND(log(2024_Population_Estimate) * log(PerCapitaIncome_INR_2024_25_per_Annum) * AVG(aqi_value), 2)"
Bihar,Araria,2811569,32227,165.1444,18,"ROUND(log(2024_Population_Estimate) * log(PerCapitaIncome_INR_2024_25_per_Annum) * AVG(aqi_value), 2)"
Madhya Pradesh,Singrauli,236000,110000,165.0895,26,"ROUND(log(2024_Population_Estimate) * log(PerCapitaIncome_INR_2024_25_per_Annum) * AVG(aqi_value), 2)"
Bihar,Bhagalpur,465000,32227,164.698,41,"ROUND(log(2024_Population_Estimate) * log(PerCapitaIncome_INR_2024_25_per_Annum) * AVG(aqi_value), 2)"
Bihar,Hajipur,177000,32000,164.5254,64,"ROUND(log(2024_Population_Estimate) * log(PerCapitaIncome_INR_2024_25_per_Annum) * AVG(aqi_value), 2)"
Odisha,Angul,1273821,106918,163.7014,14,"ROUND(log(2024_Population_Estimate) * log(PerCapitaIncome_INR_2024_25_per_Annum) * AVG(aqi_value), 2)"
Bihar,Bettiah,158000,32227,162.1939,76,"ROUND(log(2024_Population_Estimate) * log(PerCapitaIncome_INR_2024_25_per_Annum) * AVG(aqi_value), 2)"
Bihar,Katihar,256000,32000,161.8395,60,"ROUND(log(2024_Population_Estimate) * log(PerCapitaIncome_INR_2024_25_per_Annum) * AVG(aqi_value), 2)"
Bihar,Purnia,340000,32000,161.5125,52,"ROUND(log(2024_Population_Estimate) * log(PerCapitaIncome_INR_2024_25_per_Annum) * AVG(aqi_value), 2)"
Bihar,Muzaffarpur,477000,32000,161.4237,45,"ROUND(log(2024_Population_Estimate) * log(PerCapitaIncome_INR_2024_25_per_Annum) * AVG(aqi_value), 2)"
Himachal Pradesh,Baddi,42000,163465,160.257,66,"ROUND(log(2024_Population_Estimate) * log(PerCapitaIncome_INR_2024_25_per_Annum) * AVG(aqi_value), 2)"
Bihar,Munger,241000,32000,158.8613,69,"ROUND(log(2024_Population_Estimate) * log(PerCapitaIncome_INR_2024_25_per_Annum) * AVG(aqi_value), 2)"
Uttar Pradesh,Meerut,1951000,110000,158.3506,15,"ROUND(log(2024_Population_Estimate) * log(PerCapitaIncome_INR_2024_25_per_Annum) * AVG(aqi_value), 2)"
Uttar Pradesh,Baghpat,50310,107468,157.2895,83,"ROUND(log(2024_Population_Estimate) * log(PerCapitaIncome_INR_2024_25_per_Annum) * AVG(aqi_value), 2)"
Rajasthan,Bikaner,829000,185053,156.7612,16,"ROUND(log(2024_Population_Estimate) * log(PerCapitaIncome_INR_2024_25_per_Annum) * AVG(aqi_value), 2)"
Haryana,Sonipat,318000,190000,156.239,24,"ROUND(log(2024_Population_Estimate) * log(PerCapitaIncome_INR_2024_25_per_Annum) * AVG(aqi_value), 2)"
Haryana,Ballabgarh,214894,194285,155.5334,32,"ROUND(log(2024_Population_Estimate) * log(PerCapitaIncome_INR_2024_25_per_Annum) * AVG(aqi_value), 2)"
Haryana,Charkhi Dadri,168000,194285,155.4481,36,"ROUND(log(2024_Population_Estimate) * log(PerCapitaIncome_INR_2024_25_per_Annum) * AVG(aqi_value), 2)"
Bihar,Arrah,370000,32227,153.5998,68,"ROUND(log(2024_Population_Estimate) * log(PerCapitaIncome_INR_2024_25_per_Annum) * AVG(aqi_value), 2)"
Bihar,Buxar,135000,32227,152.1457,102,"ROUND(log(2024_Population_Estimate) * log(PerCapitaIncome_INR_2024_25_per_Annum) * AVG(aqi_value), 2)"
Haryana,Manesar,77000,300000,151.835,49,"ROUND(log(2024_Population_Estimate) * log(PerCapitaIncome_INR_2024_25_per_Annum) * AVG(aqi_value), 2)"
Odisha,Bileipada,5100,106918,151.4456,165,"ROUND(log(2024_Population_Estimate) * log(PerCapitaIncome_INR_2024_25_per_Annum) * AVG(aqi_value), 2)"
Rajasthan,Jhunjhunu,139000,185000,151.2016,47,"ROUND(log(2024_Population_Estimate) * log(PerCapitaIncome_INR_2024_25_per_Annum) * AVG(aqi_value), 2)"
Haryana,Hisar,361000,185000,150.6926,30,"ROUND(log(2024_Population_Estimate) * log(PerCapitaIncome_INR_2024_25_per_Annum) * AVG(aqi_value), 2)"
Bihar,Aurangabad (BR),147000,32227,150.5221,103,"ROUND(log(2024_Population_Estimate) * log(PerCapitaIncome_INR_2024_25_per_Annum) * AVG(aqi_value), 2)"
Haryana,Rohtak,441000,190000,149.5675,28,"ROUND(log(2024_Population_Estimate) * log(PerCapitaIncome_INR_2024_25_per_Annum) * AVG(aqi_value), 2)"
Uttar Pradesh,Bulandshahr,287000,107468,148.0628,48,"ROUND(log(2024_Population_Estimate) * log(PerCapitaIncome_INR_2024_25_per_Annum) * AVG(aqi_value), 2)"
Punjab,Mandi Gobindgarh,147000,190000,147.4505,53,"ROUND(log(2024_Population_Estimate) * log(PerCapitaIncome_INR_2024_25_per_Annum) * AVG(aqi_value), 2)"
Haryana,Fatehabad,79000,185000,145.8604,81,"ROUND(log(2024_Population_Estimate) * log(PerCapitaIncome_INR_2024_25_per_Annum) * AVG(aqi_value), 2)"
Bihar,Rajgir,53000,32000,145.8242,144,"ROUND(log(2024_Population_Estimate) * log(PerCapitaIncome_INR_2024_25_per_Annum) * AVG(aqi_value), 2)"
West Bengal,Asansol,1565300,82781,145.455,29,"ROUND(log(2024_Population_Estimate) * log(PerCapitaIncome_INR_2024_25_per_Annum) * AVG(aqi_value), 2)"
Madhya Pradesh,Gwalior,1322000,110000,144.7815,27,"ROUND(log(2024_Population_Estimate) * log(PerCapitaIncome_INR_2024_25_per_Annum) * AVG(aqi_value), 2)"
Jharkhand,Jorapokhar,10000,90000,144.5839,158,"ROUND(log(2024_Population_Estimate) * log(PerCapitaIncome_INR_2024_25_per_Annum) * AVG(aqi_value), 2)"
Assam,Nalbari,74000,150000,144.3768,89,"ROUND(log(2024_Population_Estimate) * log(PerCapitaIncome_INR_2024_25_per_Annum) * AVG(aqi_value), 2)"
Odisha,Barbil,94000,106918,144.2486,92,"ROUND(log(2024_Population_Estimate) * log(PerCapitaIncome_INR_2024_25_per_Annum) * AVG(aqi_value), 2)"
Rajasthan,Dausa,120000,185000,143.0863,73,"ROUND(log(2024_Population_Estimate) * log(PerCapitaIncome_INR_2024_25_per_Annum) * AVG(aqi_value), 2)"
Rajasthan,Tonk,199000,185000,142.9046,56,"ROUND(log(2024_Population_Estimate) * log(PerCapitaIncome_INR_2024_25_per_Annum) * AVG(aqi_value), 2)"
Chandigarh,Chandigarh,1196000,256912,141.5618,22,"ROUND(log(2024_Population_Estimate) * log(PerCapitaIncome_INR_2024_25_per_Annum) * AVG(aqi_value), 2)"
Haryana,Jind,200000,190000,141.4932,59,"ROUND(log(2024_Population_Estimate) * log(PerCapitaIncome_INR_2024_25_per_Annum) * AVG(aqi_value), 2)"
Odisha,Balasore,2320529,106918,141.3276,25,"ROUND(log(2024_Population_Estimate) * log(PerCapitaIncome_INR_2024_25_per_Annum) * AVG(aqi_value), 2)"
Haryana,Bhiwani,311000,194285,141.2398,46,"ROUND(log(2024_Population_Estimate) * log(PerCapitaIncome_INR_2024_25_per_Annum) * AVG(aqi_value), 2)"
Rajasthan,Dholpur,162000,185000,140.541,67,"ROUND(log(2024_Population_Estimate) * log(PerCapitaIncome_INR_2024_25_per_Annum) * AVG(aqi_value), 2)"
Bihar,Kishanganj,145000,32000,139.5624,123,"ROUND(log(2024_Population_Estimate) * log(PerCapitaIncome_INR_2024_25_per_Annum) * AVG(aqi_value), 2)"
Bihar,Motihari,155000,32000,139.4236,121,"ROUND(log(2024_Population_Estimate) * log(PerCapitaIncome_INR_2024_25_per_Annum) * AVG(aqi_value), 2)"
Rajasthan,Sikar,304000,185000,138.9947,54,"ROUND(log(2024_Population_Estimate) * log(PerCapitaIncome_INR_2024_25_per_Annum) * AVG(aqi_value), 2)"
Rajasthan,Churu,127000,185053,138.9928,82,"ROUND(log(2024_Population_Estimate) * log(PerCapitaIncome_INR_2024_25_per_Annum) * AVG(aqi_value), 2)"
Haryana,Kaithal,180000,190000,138.5324,71,"ROUND(log(2024_Population_Estimate) * log(PerCapitaIncome_INR_2024_25_per_Annum) * AVG(aqi_value), 2)"
West Bengal,Durgapur,729000,100000,137.5439,51,"ROUND(log(2024_Population_Estimate) * log(PerCapitaIncome_INR_2024_25_per_Annum) * AVG(aqi_value), 2)"
Haryana,Yamunanagar,315000,190000,137.2397,57,"ROUND(log(2024_Population_Estimate) * log(PerCapitaIncome_INR_2024_25_per_Annum) * AVG(aqi_value), 2)"
Rajasthan,Bharatpur,326000,185053,137.133,58,"ROUND(log(2024_Population_Estimate) * log(PerCapitaIncome_INR_2024_25_per_Annum) * AVG(aqi_value), 2)"
Uttar Pradesh,Hapur,387000,185000,137.1327,50,"ROUND(log(2024_Population_Estimate) * log(PerCapitaIncome_INR_2024_25_per_Annum) * AVG(aqi_value), 2)"
Gujarat,Vapi,273000,220000,135.7232,61,"ROUND(log(2024_Population_Estimate) * log(PerCapitaIncome_INR_2024_25_per_Annum) * AVG(aqi_value), 2)"
Rajasthan,Nagaur,164000,185000,135.261,84,"ROUND(log(2024_Population_Estimate) * log(PerCapitaIncome_INR_2024_25_per_Annum) * AVG(aqi_value), 2)"
Haryana,Kurukshetra,201000,190000,135.0478,79,"ROUND(log(2024_Population_Estimate) * log(PerCapitaIncome_INR_2024_25_per_Annum) * AVG(aqi_value), 2)"
Bihar,Sasaram,167000,32000,135.0463,132,"ROUND(log(2024_Population_Estimate) * log(PerCapitaIncome_INR_2024_25_per_Annum) * AVG(aqi_value), 2)"
Bihar,Bihar Sharif,333000,32227,134.8083,109,"ROUND(log(2024_Population_Estimate) * log(PerCapitaIncome_INR_2024_25_per_Annum) * AVG(aqi_value), 2)"
West Bengal,Barrackpore,221000,82781,134.4617,100,"ROUND(log(2024_Population_Estimate) * log(PerCapitaIncome_INR_2024_25_per_Annum) * AVG(aqi_value), 2)"
Rajasthan,Bundi,119000,185053,133.2087,97,"ROUND(log(2024_Population_Estimate) * log(PerCapitaIncome_INR_2024_25_per_Annum) * AVG(aqi_value), 2)"
Rajasthan,Jaipur,4250000,185000,131.3751,23,"ROUND(log(2024_Population_Estimate) * log(PerCapitaIncome_INR_2024_25_per_Annum) * AVG(aqi_value), 2)"
Odisha,Rourkela,722000,100000,131.2878,70,"ROUND(log(2024_Population_Estimate) * log(PerCapitaIncome_INR_2024_25_per_Annum) * AVG(aqi_value), 2)"
Uttar Pradesh,Lucknow,3805000,110000,131.1236,33,"ROUND(log(2024_Population_Estimate) * log(PerCapitaIncome_INR_2024_25_per_Annum) * AVG(aqi_value), 2)"
Rajasthan,Kota,1482000,185000,131.1048,38,"ROUND(log(2024_Population_Estimate) * log(PerCapitaIncome_INR_2024_25_per_Annum) * AVG(aqi_value), 2)"
Odisha,Byasanagar,62000,106918,130.5695,137,"ROUND(log(2024_Population_Estimate) * log(PerCapitaIncome_INR_2024_25_per_Annum) * AVG(aqi_value), 2)"
Haryana,Panchgaon,13000,100000,130.48,180,"ROUND(log(2024_Population_Estimate) * log(PerCapitaIncome_INR_2024_25_per_Annum) * AVG(aqi_value), 2)"
Odisha,Talcher,45000,106000,129.6799,151,"ROUND(log(2024_Population_Estimate) * log(PerCapitaIncome_INR_2024_25_per_Annum) * AVG(aqi_value), 2)"
Rajasthan,Chittorgarh,158000,185053,129.453,99,"ROUND(log(2024_Population_Estimate) * log(PerCapitaIncome_INR_2024_25_per_Annum) * AVG(aqi_value), 2)"
Rajasthan,Jaisalmer,80000,185000,128.3126,113,"ROUND(log(2024_Population_Estimate) * log(PerCapitaIncome_INR_2024_25_per_Annum) * AVG(aqi_value), 2)"
Odisha,Cuttack,850000,106918,128.2616,74,"ROUND(log(2024_Population_Estimate) * log(PerCapitaIncome_INR_2024_25_per_Annum) * AVG(aqi_value), 2)"
Haryana,Panipat,457000,190000,128.2257,72,"ROUND(log(2024_Population_Estimate) * log(PerCapitaIncome_INR_2024_25_per_Annum) * AVG(aqi_value), 2)"
Punjab,Ludhiana,1775000,190000,128.0629,39,"ROUND(log(2024_Population_Estimate) * log(PerCapitaIncome_INR_2024_25_per_Annum) * AVG(aqi_value), 2)"
Rajasthan,Jalore,85000,185000,127.7754,112,"ROUND(log(2024_Population_Estimate) * log(PerCapitaIncome_INR_2024_25_per_Annum) * AVG(aqi_value), 2)"
Tripura,Agartala,670388,176943,126.6976,65,"ROUND(log(2024_Population_Estimate) * log(PerCapitaIncome_INR_2024_25_per_Annum) * AVG(aqi_value), 2)"
Rajasthan,Jodhpur,1726000,185000,126.6607,44,"ROUND(log(2024_Population_Estimate) * log(PerCapitaIncome_INR_2024_25_per_Annum) * AVG(aqi_value), 2)"
Bihar,Gaya,476000,32000,126.393,125,"ROUND(log(2024_Population_Estimate) * log(PerCapitaIncome_INR_2024_25_per_Annum) * AVG(aqi_value), 2)"
Punjab,Rupnagar,72000,190000,126.1081,124,"ROUND(log(2024_Population_Estimate) * log(PerCapitaIncome_INR_2024_25_per_Annum) * AVG(aqi_value), 2)"
Haryana,Sirsa,203000,190000,126.0962,101,"ROUND(log(2024_Population_Estimate) * log(PerCapitaIncome_INR_2024_25_per_Annum) * AVG(aqi_value), 2)"
Odisha,Baripada,158000,106918,125.3123,119,"ROUND(log(2024_Population_Estimate) * log(PerCapitaIncome_INR_2024_25_per_Annum) * AVG(aqi_value), 2)"
Uttar Pradesh,Khurja,162000,110000,125.2749,117,"ROUND(log(2024_Population_Estimate) * log(PerCapitaIncome_INR_2024_25_per_Annum) * AVG(aqi_value), 2)"
Rajasthan,Pali,302000,190000,124.6308,93,"ROUND(log(2024_Population_Estimate) * log(PerCapitaIncome_INR_2024_25_per_Annum) * AVG(aqi_value), 2)"
Odisha,Bhubaneswar,1230000,106918,123.9002,77,"ROUND(log(2024_Population_Estimate) * log(PerCapitaIncome_INR_2024_25_per_Annum) * AVG(aqi_value), 2)"
Madhya Pradesh,Katni,238000,110000,123.7,110,"ROUND(log(2024_Population_Estimate) * log(PerCapitaIncome_INR_2024_25_per_Annum) * AVG(aqi_value), 2)"
Maharashtra,Navi Mumbai,1788000,270000,122.8488,42,"ROUND(log(2024_Population_Estimate) * log(PerCapitaIncome_INR_2024_25_per_Annum) * AVG(aqi_value), 2)"
Madhya Pradesh,Mandideep,65000,185000,122.161,145,"ROUND(log(2024_Population_Estimate) * log(PerCapitaIncome_INR_2024_25_per_Annum) * AVG(aqi_value), 2)"
Punjab,Amritsar,1655000,135356,121.9328,63,"ROUND(log(2024_Population_Estimate) * log(PerCapitaIncome_INR_2024_25_per_Annum) * AVG(aqi_value), 2)"
Maharashtra,Ahmednagar,432000,165467,121.6839,96,"ROUND(log(2024_Population_Estimate) * log(PerCapitaIncome_INR_2024_25_per_Annum) * AVG(aqi_value), 2)"
Odisha,Suakati,8700,15000,120.9737,229,"ROUND(log(2024_Population_Estimate) * log(PerCapitaIncome_INR_2024_25_per_Annum) * AVG(aqi_value), 2)"
Rajasthan,Sawai Madhopur,143000,185000,120.6102,120,"ROUND(log(2024_Population_Estimate) * log(PerCapitaIncome_INR_2024_25_per_Annum) * AVG(aqi_value), 2)"
Madhya Pradesh,Ujjain,676000,120000,119.7895,98,"ROUND(log(2024_Population_Estimate) * log(PerCapitaIncome_INR_2024_25_per_Annum) * AVG(aqi_value), 2)"
Assam,Guwahati,1220000,160000,119.7105,78,"ROUND(log(2024_Population_Estimate) * log(PerCapitaIncome_INR_2024_25_per_Annum) * AVG(aqi_value), 2)"
West Bengal,Howrah,1196000,100000,119.5778,90,"ROUND(log(2024_Population_Estimate) * log(PerCapitaIncome_INR_2024_25_per_Annum) * AVG(aqi_value), 2)"
Madhya Pradesh,Bhopal,2728000,70434,118.7558,85,"ROUND(log(2024_Population_Estimate) * log(PerCapitaIncome_INR_2024_25_per_Annum) * AVG(aqi_value), 2)"
Maharashtra,Ulhasnagar,565000,180000,118.7365,95,"ROUND(log(2024_Population_Estimate) * log(PerCapitaIncome_INR_2024_25_per_Annum) * AVG(aqi_value), 2)"
Madhya Pradesh,Pithampur,165000,220000,118.1151,116,"ROUND(log(2024_Population_Estimate) * log(PerCapitaIncome_INR_2024_25_per_Annum) * AVG(aqi_value), 2)"
Odisha,Nayagarh,21000,105000,118.0573,192,"ROUND(log(2024_Population_Estimate) * log(PerCapitaIncome_INR_2024_25_per_Annum) * AVG(aqi_value), 2)"
Rajasthan,Banswara,143000,185053,116.7752,133,"ROUND(log(2024_Population_Estimate) * log(PerCapitaIncome_INR_2024_25_per_Annum) * AVG(aqi_value), 2)"
Odisha,Rairangpur,27000,98000,116.7326,189,"ROUND(log(2024_Population_Estimate) * log(PerCapitaIncome_INR_2024_25_per_Annum) * AVG(aqi_value), 2)"
Haryana,Narnaul,78000,190000,116.7136,152,"ROUND(log(2024_Population_Estimate) * log(PerCapitaIncome_INR_2024_25_per_Annum) * AVG(aqi_value), 2)"
Gujarat,Surat,7891000,200000,116.5714,37,"ROUND(log(2024_Population_Estimate) * log(PerCapitaIncome_INR_2024_25_per_Annum) * AVG(aqi_value), 2)"
Maharashtra,Badlapur,252000,176678,116.5222,115,"ROUND(log(2024_Population_Estimate) * log(PerCapitaIncome_INR_2024_25_per_Annum) * AVG(aqi_value), 2)"
Andhra Pradesh,Visakhapatnam,2461000,180000,116.1071,62,"ROUND(log(2024_Population_Estimate) * log(PerCapitaIncome_INR_2024_25_per_Annum) * AVG(aqi_value), 2)"
Rajasthan,Baran,1222755,185053,114.2372,87,"ROUND(log(2024_Population_Estimate) * log(PerCapitaIncome_INR_2024_25_per_Annum) * AVG(aqi_value), 2)"
Gujarat,Ahmedabad,8159000,389332,113.5986,31,"ROUND(log(2024_Population_Estimate) * log(PerCapitaIncome_INR_2024_25_per_Annum) * AVG(aqi_value), 2)"
Rajasthan,Bhilwara,430000,185053,112.7558,111,"ROUND(log(2024_Population_Estimate) * log(PerCapitaIncome_INR_2024_25_per_Annum) * AVG(aqi_value), 2)"
Madhya Pradesh,Jabalpur,1596000,110000,112.1144,104,"ROUND(log(2024_Population_Estimate) * log(PerCapitaIncome_INR_2024_25_per_Annum) * AVG(aqi_value), 2)"
Odisha,Keonjhar,65000,105000,112.0649,177,"ROUND(log(2024_Population_Estimate) * log(PerCapitaIncome_INR_2024_25_per_Annum) * AVG(aqi_value), 2)"
Maharashtra,Pune,7180000,270000,111.973,43,"ROUND(log(2024_Population_Estimate) * log(PerCapitaIncome_INR_2024_25_per_Annum) * AVG(aqi_value), 2)"
Maharashtra,Malegaon,673000,180000,111.9649,105,"ROUND(log(2024_Population_Estimate) * log(PerCapitaIncome_INR_2024_25_per_Annum) * AVG(aqi_value), 2)"
Uttar Pradesh,Kanpur,3619000,110000,111.6142,86,"ROUND(log(2024_Population_Estimate) * log(PerCapitaIncome_INR_2024_25_per_Annum) * AVG(aqi_value), 2)"
Haryana,Panchkula,325000,220000,111.6013,118,"ROUND(log(2024_Population_Estimate) * log(PerCapitaIncome_INR_2024_25_per_Annum) * AVG(aqi_value), 2)"
Assam,Nagaon,167000,150000,111.242,154,"ROUND(log(2024_Population_Estimate) * log(PerCapitaIncome_INR_2024_25_per_Annum) * AVG(aqi_value), 2)"
Haryana,Ambala,283000,194285,111.2,129,"ROUND(log(2024_Population_Estimate) * log(PerCapitaIncome_INR_2024_25_per_Annum) * AVG(aqi_value), 2)"
Maharashtra,Nagpur,3296000,180000,111.1137,75,"ROUND(log(2024_Population_Estimate) * log(PerCapitaIncome_INR_2024_25_per_Annum) * AVG(aqi_value), 2)"
Maharashtra,Jalgaon,608000,180000,110.5136,108,"ROUND(log(2024_Population_Estimate) * log(PerCapitaIncome_INR_2024_25_per_Annum) * AVG(aqi_value), 2)"
Maharashtra,Parbhani,398000,180000,110.4286,122,"ROUND(log(2024_Population_Estimate) * log(PerCapitaIncome_INR_2024_25_per_Annum) * AVG(aqi_value), 2)"
Maharashtra,Jalna,308000,110000,110.0672,150,"ROUND(log(2024_Population_Estimate) * log(PerCapitaIncome_INR_2024_25_per_Annum) * AVG(aqi_value), 2)"
Rajasthan,Udaipur,628000,185000,110.0514,107,"ROUND(log(2024_Population_Estimate) * log(PerCapitaIncome_INR_2024_25_per_Annum) * AVG(aqi_value), 2)"
Punjab,Jalandhar,956000,110000,109.85,114,"ROUND(log(2024_Population_Estimate) * log(PerCapitaIncome_INR_2024_25_per_Annum) * AVG(aqi_value), 2)"
Maharashtra,Thane,2059000,175000,109.292,91,"ROUND(log(2024_Population_Estimate) * log(PerCapitaIncome_INR_2024_25_per_Annum) * AVG(aqi_value), 2)"
Gujarat,Ankleshwar,36000,195617,108.8554,184,"ROUND(log(2024_Population_Estimate) * log(PerCapitaIncome_INR_2024_25_per_Annum) * AVG(aqi_value), 2)"
Haryana,Karnal,407000,195000,108.8239,127,"ROUND(log(2024_Population_Estimate) * log(PerCapitaIncome_INR_2024_25_per_Annum) * AVG(aqi_value), 2)"
Punjab,Bathinda,416000,135356,108.7978,140,"ROUND(log(2024_Population_Estimate) * log(PerCapitaIncome_INR_2024_25_per_Annum) * AVG(aqi_value), 2)"
Chhattisgarh,Kunjemura,4400,105000,108.7588,230,"ROUND(log(2024_Population_Estimate) * log(PerCapitaIncome_INR_2024_25_per_Annum) * AVG(aqi_value), 2)"
Maharashtra,Kalyan,2073000,180000,108.5248,94,"ROUND(log(2024_Population_Estimate) * log(PerCapitaIncome_INR_2024_25_per_Annum) * AVG(aqi_value), 2)"
Maharashtra,Bhiwandi,935000,176678,108.3595,106,"ROUND(log(2024_Population_Estimate) * log(PerCapitaIncome_INR_2024_25_per_Annum) * AVG(aqi_value), 2)"
Maharashtra,Chandrapur,350000,176678,108.3243,136,"ROUND(log(2024_Population_Estimate) * log(PerCapitaIncome_INR_2024_25_per_Annum) * AVG(aqi_value), 2)"
Rajasthan,Karauli,102000,185000,108.2959,159,"ROUND(log(2024_Population_Estimate) * log(PerCapitaIncome_INR_2024_25_per_Annum) * AVG(aqi_value), 2)"
Gujarat,Nandesari,51000,220000,107.758,175,"ROUND(log(2024_Population_Estimate) * log(PerCapitaIncome_INR_2024_25_per_Annum) * AVG(aqi_value), 2)"
Tamil Nadu,Gummidipoondi,48000,190000,107.39,182,"ROUND(log(2024_Population_Estimate) * log(PerCapitaIncome_INR_2024_25_per_Annum) * AVG(aqi_value), 2)"
Rajasthan,Jhalawar,78000,185000,106.9377,172,"ROUND(log(2024_Population_Estimate) * log(PerCapitaIncome_INR_2024_25_per_Annum) * AVG(aqi_value), 2)"
Maharashtra,Mumbai,20960000,350000,105.9333,35,"ROUND(log(2024_Population_Estimate) * log(PerCapitaIncome_INR_2024_25_per_Annum) * AVG(aqi_value), 2)"
Uttar Pradesh,Vrindavan,82000,15000,105.2519,218,"ROUND(log(2024_Population_Estimate) * log(PerCapitaIncome_INR_2024_25_per_Annum) * AVG(aqi_value), 2)"
Rajasthan,Barmer,138000,185053,104.9733,163,"ROUND(log(2024_Population_Estimate) * log(PerCapitaIncome_INR_2024_25_per_Annum) * AVG(aqi_value), 2)"
Gujarat,Vatva,60000,220000,104.6295,181,"ROUND(log(2024_Population_Estimate) * log(PerCapitaIncome_INR_2024_25_per_Annum) * AVG(aqi_value), 2)"
Uttar Pradesh,Moradabad,1230000,110000,104.0596,130,"ROUND(log(2024_Population_Estimate) * log(PerCapitaIncome_INR_2024_25_per_Annum) * AVG(aqi_value), 2)"
Rajasthan,Dungarpur,114000,185000,103.7448,171,"ROUND(log(2024_Population_Estimate) * log(PerCapitaIncome_INR_2024_25_per_Annum) * AVG(aqi_value), 2)"
Jharkhand,Pathardih,39000,90000,103.6154,203,"ROUND(log(2024_Population_Estimate) * log(PerCapitaIncome_INR_2024_25_per_Annum) * AVG(aqi_value), 2)"
Madhya Pradesh,Dewas,403000,110000,103.2203,156,"ROUND(log(2024_Population_Estimate) * log(PerCapitaIncome_INR_2024_25_per_Annum) * AVG(aqi_value), 2)"
Punjab,Patiala,484000,190000,103.1937,146,"ROUND(log(2024_Population_Estimate) * log(PerCapitaIncome_INR_2024_25_per_Annum) * AVG(aqi_value), 2)"
Madhya Pradesh,Ratlam,389000,110000,103.1303,157,"ROUND(log(2024_Population_Estimate) * log(PerCapitaIncome_INR_2024_25_per_Annum) * AVG(aqi_value), 2)"
Maharashtra,Dhule,587000,180000,103.0942,142,"ROUND(log(2024_Population_Estimate) * log(PerCapitaIncome_INR_2024_25_per_Annum) * AVG(aqi_value), 2)"
Maharashtra,Nanded,646000,180000,102.8072,139,"ROUND(log(2024_Population_Estimate) * log(PerCapitaIncome_INR_2024_25_per_Annum) * AVG(aqi_value), 2)"
Karnataka,Tumakuru,445000,205000,102.6667,148,"ROUND(log(2024_Population_Estimate) * log(PerCapitaIncome_INR_2024_25_per_Annum) * AVG(aqi_value), 2)"
Bihar,Manguraha,8200,32000,102.2159,247,"ROUND(log(2024_Population_Estimate) * log(PerCapitaIncome_INR_2024_25_per_Annum) * AVG(aqi_value), 2)"
West Bengal,Kolkata,14980000,100000,102.0284,88,"ROUND(log(2024_Population_Estimate) * log(PerCapitaIncome_INR_2024_25_per_Annum) * AVG(aqi_value), 2)"
Uttar Pradesh,Gorakhpur,956000,32000,101.4276,173,"ROUND(log(2024_Population_Estimate) * log(PerCapitaIncome_INR_2024_25_per_Annum) * AVG(aqi_value), 2)"
Maharashtra,Belapur,1082,176678,101.1629,262,"ROUND(log(2024_Population_Estimate) * log(PerCapitaIncome_INR_2024_25_per_Annum) * AVG(aqi_value), 2)"
Rajasthan,Ajmer,792000,185053,101.0852,138,"ROUND(log(2024_Population_Estimate) * log(PerCapitaIncome_INR_2024_25_per_Annum) * AVG(aqi_value), 2)"
Manipur,Imphal,582000,150000,100.9274,153,"ROUND(log(2024_Population_Estimate) * log(PerCapitaIncome_INR_2024_25_per_Annum) * AVG(aqi_value), 2)"
Punjab,Khanna,137000,195000,100.16,174,"ROUND(log(2024_Population_Estimate) * log(PerCapitaIncome_INR_2024_25_per_Annum) * AVG(aqi_value), 2)"
Rajasthan,Pratapgarh,92000,100000,100.054,197,"ROUND(log(2024_Population_Estimate) * log(PerCapitaIncome_INR_2024_25_per_Annum) * AVG(aqi_value), 2)"
Kerala,Kochi,676000,240000,99.9754,141,"ROUND(log(2024_Population_Estimate) * log(PerCapitaIncome_INR_2024_25_per_Annum) * AVG(aqi_value), 2)"
Maharashtra,Boisar,60000,176678,99.9156,195,"ROUND(log(2024_Population_Estimate) * log(PerCapitaIncome_INR_2024_25_per_Annum) * AVG(aqi_value), 2)"
Tamil Nadu,Dindigul,279000,190000,98.9406,160,"ROUND(log(2024_Population_Estimate) * log(PerCapitaIncome_INR_2024_25_per_Annum) * AVG(aqi_value), 2)"
Maharashtra,Aurangabad (MH),1717000,176678,98.7647,126,"ROUND(log(2024_Population_Estimate) * log(PerCapitaIncome_INR_2024_25_per_Annum) * AVG(aqi_value), 2)"
Uttarakhand,Dehradun,968000,240000,98.1626,134,"ROUND(log(2024_Population_Estimate) * log(PerCapitaIncome_INR_2024_25_per_Annum) * AVG(aqi_value), 2)"
Uttarakhand,Kashipur,135000,185000,98.1388,183,"ROUND(log(2024_Population_Estimate) * log(PerCapitaIncome_INR_2024_25_per_Annum) * AVG(aqi_value), 2)"
Maharashtra,Virar,1395000,150000,98.1139,143,"ROUND(log(2024_Population_Estimate) * log(PerCapitaIncome_INR_2024_25_per_Annum) * AVG(aqi_value), 2)"
Madhya Pradesh,Indore,3246000,120000,97.6412,128,"ROUND(log(2024_Population_Estimate) * log(PerCapitaIncome_INR_2024_25_per_Annum) * AVG(aqi_value), 2)"
Maharashtra,Solapur,1038000,180000,97.3398,149,"ROUND(log(2024_Population_Estimate) * log(PerCapitaIncome_INR_2024_25_per_Annum) * AVG(aqi_value), 2)"
Maharashtra,Mira Bhayandar,1142000,180000,96.9237,147,"ROUND(log(2024_Population_Estimate) * log(PerCapitaIncome_INR_2024_25_per_Annum) * AVG(aqi_value), 2)"
Odisha,Tensa,6500,106000,96.836,240,"ROUND(log(2024_Population_Estimate) * log(PerCapitaIncome_INR_2024_25_per_Annum) * AVG(aqi_value), 2)"
Rajasthan,Rajsamand,76000,185000,96.8217,196,"ROUND(log(2024_Population_Estimate) * log(PerCapitaIncome_INR_2024_25_per_Annum) * AVG(aqi_value), 2)"
Maharashtra,Akola,621000,160000,94.2988,162,"ROUND(log(2024_Population_Estimate) * log(PerCapitaIncome_INR_2024_25_per_Annum) * AVG(aqi_value), 2)"
Maharashtra,Pimpri Chinchwad,2159000,225000,94.2183,131,"ROUND(log(2024_Population_Estimate) * log(PerCapitaIncome_INR_2024_25_per_Annum) * AVG(aqi_value), 2)"
Karnataka,Raichur,271000,185000,94.056,179,"ROUND(log(2024_Population_Estimate) * log(PerCapitaIncome_INR_2024_25_per_Annum) * AVG(aqi_value), 2)"
Gujarat,Gandhi Nagar,370000,220000,93.9866,169,"ROUND(log(2024_Population_Estimate) * log(PerCapitaIncome_INR_2024_25_per_Annum) * AVG(aqi_value), 2)"
Uttar Pradesh,Prayagraj,1720000,110000,93.3738,155,"ROUND(log(2024_Population_Estimate) * log(PerCapitaIncome_INR_2024_25_per_Annum) * AVG(aqi_value), 2)"
Haryana,Palwal,172000,190000,93.1554,191,"ROUND(log(2024_Population_Estimate) * log(PerCapitaIncome_INR_2024_25_per_Annum) * AVG(aqi_value), 2)"
Maharashtra,Mahad,56000,180000,93.0306,204,"ROUND(log(2024_Population_Estimate) * log(PerCapitaIncome_INR_2024_25_per_Annum) * AVG(aqi_value), 2)"
Uttar Pradesh,Jhansi,628000,180000,92.5524,167,"ROUND(log(2024_Population_Estimate) * log(PerCapitaIncome_INR_2024_25_per_Annum) * AVG(aqi_value), 2)"
Maharashtra,Kolhapur,616000,190000,92.4751,164,"ROUND(log(2024_Population_Estimate) * log(PerCapitaIncome_INR_2024_25_per_Annum) * AVG(aqi_value), 2)"
Chhattisgarh,Tumidih,6700,15000,91.3428,274,"ROUND(log(2024_Population_Estimate) * log(PerCapitaIncome_INR_2024_25_per_Annum) * AVG(aqi_value), 2)"
Madhya Pradesh,Sagar,521000,110000,90.8778,185,"ROUND(log(2024_Population_Estimate) * log(PerCapitaIncome_INR_2024_25_per_Annum) * AVG(aqi_value), 2)"
Maharashtra,Amravati,944000,155000,90.8602,168,"ROUND(log(2024_Population_Estimate) * log(PerCapitaIncome_INR_2024_25_per_Annum) * AVG(aqi_value), 2)"
Haryana,Mandikhera,4800,185000,90.6634,252,"ROUND(log(2024_Population_Estimate) * log(PerCapitaIncome_INR_2024_25_per_Annum) * AVG(aqi_value), 2)"
Rajasthan,Sirohi,48000,185000,90.1233,212,"ROUND(log(2024_Population_Estimate) * log(PerCapitaIncome_INR_2024_25_per_Annum) * AVG(aqi_value), 2)"
Rajasthan,Alwar,482000,185053,89.9288,178,"ROUND(log(2024_Population_Estimate) * log(PerCapitaIncome_INR_2024_25_per_Annum) * AVG(aqi_value), 2)"
Uttar Pradesh,Firozabad,700000,110000,88.3438,186,"ROUND(log(2024_Population_Estimate) * log(PerCapitaIncome_INR_2024_25_per_Annum) * AVG(aqi_value), 2)"
Odisha,Brajrajnagar,83000,106918,87.0223,219,"ROUND(log(2024_Population_Estimate) * log(PerCapitaIncome_INR_2024_25_per_Annum) * AVG(aqi_value), 2)"
West Bengal,Haldia,220000,100000,86.8319,205,"ROUND(log(2024_Population_Estimate) * log(PerCapitaIncome_INR_2024_25_per_Annum) * AVG(aqi_value), 2)"
Maharashtra,Latur,517000,180000,85.9272,190,"ROUND(log(2024_Population_Estimate) * log(PerCapitaIncome_INR_2024_25_per_Annum) * AVG(aqi_value), 2)"
Tamil Nadu,Hosur,464000,230000,85.6568,187,"ROUND(log(2024_Population_Estimate) * log(PerCapitaIncome_INR_2024_25_per_Annum) * AVG(aqi_value), 2)"
West Bengal,Siliguri,728000,110000,85.5302,194,"ROUND(log(2024_Population_Estimate) * log(PerCapitaIncome_INR_2024_25_per_Annum) * AVG(aqi_value), 2)"
Maharashtra,Sangli,557000,190000,85.3632,188,"ROUND(log(2024_Population_Estimate) * log(PerCapitaIncome_INR_2024_25_per_Annum) * AVG(aqi_value), 2)"
Maharashtra,Nashik,2331000,190000,84.6103,161,"ROUND(log(2024_Population_Estimate) * log(PerCapitaIncome_INR_2024_25_per_Annum) * AVG(aqi_value), 2)"
Uttar Pradesh,Agra,2478340,107468,84.2329,176,"ROUND(log(2024_Population_Estimate) * log(PerCapitaIncome_INR_2024_25_per_Annum) * AVG(aqi_value), 2)"
Tamil Nadu,Chengalpattu,90000,196309,82.4412,217,"ROUND(log(2024_Population_Estimate) * log(PerCapitaIncome_INR_2024_25_per_Annum) * AVG(aqi_value), 2)"
Tamil Nadu,Ranipet,54000,200000,82.3089,223,"ROUND(log(2024_Population_Estimate) * log(PerCapitaIncome_INR_2024_25_per_Annum) * AVG(aqi_value), 2)"
Telangana,Hyderabad,10850000,350000,81.0124,135,"ROUND(log(2024_Population_Estimate) * log(PerCapitaIncome_INR_2024_25_per_Annum) * AVG(aqi_value), 2)"
Karnataka,Bidar,226000,204605,80.9267,207,"ROUND(log(2024_Population_Estimate) * log(PerCapitaIncome_INR_2024_25_per_Annum) * AVG(aqi_value), 2)"
Nagaland,Kohima,114000,150000,80.4587,222,"ROUND(log(2024_Population_Estimate) * log(PerCapitaIncome_INR_2024_25_per_Annum) * AVG(aqi_value), 2)"
Chhattisgarh,Raipur,1626000,120000,80.209,193,"ROUND(log(2024_Population_Estimate) * log(PerCapitaIncome_INR_2024_25_per_Annum) * AVG(aqi_value), 2)"
Kerala,Kollam,358000,160000,79.2735,208,"ROUND(log(2024_Population_Estimate) * log(PerCapitaIncome_INR_2024_25_per_Annum) * AVG(aqi_value), 2)"
Tamil Nadu,Tiruppur,802000,200000,77.3853,198,"ROUND(log(2024_Population_Estimate) * log(PerCapitaIncome_INR_2024_25_per_Annum) * AVG(aqi_value), 2)"
Uttar Pradesh,Bareilly,1413000,107468,77.1636,199,"ROUND(log(2024_Population_Estimate) * log(PerCapitaIncome_INR_2024_25_per_Annum) * AVG(aqi_value), 2)"
Andhra Pradesh,Rajamahendravaram,417000,140000,76.8177,213,"ROUND(log(2024_Population_Estimate) * log(PerCapitaIncome_INR_2024_25_per_Annum) * AVG(aqi_value), 2)"
Karnataka,Kolar,162000,205000,76.4724,220,"ROUND(log(2024_Population_Estimate) * log(PerCapitaIncome_INR_2024_25_per_Annum) * AVG(aqi_value), 2)"
Chhattisgarh,Chhal,6000,106918,76.0498,275,"ROUND(log(2024_Population_Estimate) * log(PerCapitaIncome_INR_2024_25_per_Annum) * AVG(aqi_value), 2)"
Madhya Pradesh,Satna,325000,110000,75.9566,221,"ROUND(log(2024_Population_Estimate) * log(PerCapitaIncome_INR_2024_25_per_Annum) * AVG(aqi_value), 2)"
Andhra Pradesh,Tirumala,16000,15000,75.77,280,"ROUND(log(2024_Population_Estimate) * log(PerCapitaIncome_INR_2024_25_per_Annum) * AVG(aqi_value), 2)"
Karnataka,Bengaluru,12352000,204605,74.8853,166,"ROUND(log(2024_Population_Estimate) * log(PerCapitaIncome_INR_2024_25_per_Annum) * AVG(aqi_value), 2)"
Tamil Nadu,Chennai,11540000,196309,74.008,170,"ROUND(log(2024_Population_Estimate) * log(PerCapitaIncome_INR_2024_25_per_Annum) * AVG(aqi_value), 2)"
Andhra Pradesh,Chittoor,178000,141609,73.9618,228,"ROUND(log(2024_Population_Estimate) * log(PerCapitaIncome_INR_2024_25_per_Annum) * AVG(aqi_value), 2)"
Tamil Nadu,Vellore,522000,190000,73.6584,211,"ROUND(log(2024_Population_Estimate) * log(PerCapitaIncome_INR_2024_25_per_Annum) * AVG(aqi_value), 2)"
Karnataka,Dharwad,1210000,200000,73.5008,200,"ROUND(log(2024_Population_Estimate) * log(PerCapitaIncome_INR_2024_25_per_Annum) * AVG(aqi_value), 2)"
Tamil Nadu,Salem,1295000,190000,73.3711,202,"ROUND(log(2024_Population_Estimate) * log(PerCapitaIncome_INR_2024_25_per_Annum) * AVG(aqi_value), 2)"
Chhattisgarh,Milupara,2900,32000,73.1296,287,"ROUND(log(2024_Population_Estimate) * log(PerCapitaIncome_INR_2024_25_per_Annum) * AVG(aqi_value), 2)"
Chhattisgarh,Korba,448000,90000,73.0133,224,"ROUND(log(2024_Population_Estimate) * log(PerCapitaIncome_INR_2024_25_per_Annum) * AVG(aqi_value), 2)"
Chhattisgarh,Bhilai,1180000,93161,72.4715,215,"ROUND(log(2024_Population_Estimate) * log(PerCapitaIncome_INR_2024_25_per_Annum) * AVG(aqi_value), 2)"
Karnataka,Hubballi,1121000,200000,72.2383,206,"ROUND(log(2024_Population_Estimate) * log(PerCapitaIncome_INR_2024_25_per_Annum) * AVG(aqi_value), 2)"
Andhra Pradesh,Vijayawada,1183000,170000,71.9375,209,"ROUND(log(2024_Population_Estimate) * log(PerCapitaIncome_INR_2024_25_per_Annum) * AVG(aqi_value), 2)"
Karnataka,Mangalore,763000,210000,70.3579,214,"ROUND(log(2024_Population_Estimate) * log(PerCapitaIncome_INR_2024_25_per_Annum) * AVG(aqi_value), 2)"
Karnataka,Belgaum,712000,204605,69.7506,216,"ROUND(log(2024_Population_Estimate) * log(PerCapitaIncome_INR_2024_25_per_Annum) * AVG(aqi_value), 2)"
Karnataka,Udupi,140000,205000,69.6979,236,"ROUND(log(2024_Population_Estimate) * log(PerCapitaIncome_INR_2024_25_per_Annum) * AVG(aqi_value), 2)"
Tamil Nadu,Coimbatore,2702000,196309,69.5639,201,"ROUND(log(2024_Population_Estimate) * log(PerCapitaIncome_INR_2024_25_per_Annum) * AVG(aqi_value), 2)"
Jammu and Kashmir,Srinagar,1794000,140000,69.4954,210,"ROUND(log(2024_Population_Estimate) * log(PerCapitaIncome_INR_2024_25_per_Annum) * AVG(aqi_value), 2)"
Tamil Nadu,Karur,215000,190000,69.2581,233,"ROUND(log(2024_Population_Estimate) * log(PerCapitaIncome_INR_2024_25_per_Annum) * AVG(aqi_value), 2)"
Andhra Pradesh,Amaravati,103000,141609,68.9764,248,"ROUND(log(2024_Population_Estimate) * log(PerCapitaIncome_INR_2024_25_per_Annum) * AVG(aqi_value), 2)"
Chhattisgarh,Bilaspur,708000,93161,68.9637,227,"ROUND(log(2024_Population_Estimate) * log(PerCapitaIncome_INR_2024_25_per_Annum) * AVG(aqi_value), 2)"
Karnataka,Koppal,76000,205000,68.5909,249,"ROUND(log(2024_Population_Estimate) * log(PerCapitaIncome_INR_2024_25_per_Annum) * AVG(aqi_value), 2)"
Andhra Pradesh,Tirupati,407000,190000,68.2629,226,"ROUND(log(2024_Population_Estimate) * log(PerCapitaIncome_INR_2024_25_per_Annum) * AVG(aqi_value), 2)"
Karnataka,Haveri,112000,205000,67.8376,245,"ROUND(log(2024_Population_Estimate) * log(PerCapitaIncome_INR_2024_25_per_Annum) * AVG(aqi_value), 2)"
Kerala,Kozhikode,609000,160000,67.3665,225,"ROUND(log(2024_Population_Estimate) * log(PerCapitaIncome_INR_2024_25_per_Annum) * AVG(aqi_value), 2)"
Tamil Nadu,Pudukottai,150000,180000,67.3558,244,"ROUND(log(2024_Population_Estimate) * log(PerCapitaIncome_INR_2024_25_per_Annum) * AVG(aqi_value), 2)"
Andhra Pradesh,Anantapur,380000,141609,67.1965,234,"ROUND(log(2024_Population_Estimate) * log(PerCapitaIncome_INR_2024_25_per_Annum) * AVG(aqi_value), 2)"
Uttar Pradesh,Varanasi,1471000,32000,67.1236,237,"ROUND(log(2024_Population_Estimate) * log(PerCapitaIncome_INR_2024_25_per_Annum) * AVG(aqi_value), 2)"
Andhra Pradesh,Kadapa,385000,140000,66.9221,235,"ROUND(log(2024_Population_Estimate) * log(PerCapitaIncome_INR_2024_25_per_Annum) * AVG(aqi_value), 2)"
Uttarakhand,Rishikesh,129000,175000,66.3551,250,"ROUND(log(2024_Population_Estimate) * log(PerCapitaIncome_INR_2024_25_per_Annum) * AVG(aqi_value), 2)"
Kerala,Kannur,246000,160000,66.023,241,"ROUND(log(2024_Population_Estimate) * log(PerCapitaIncome_INR_2024_25_per_Annum) * AVG(aqi_value), 2)"
Karnataka,Yadgir,78000,200000,65.6479,255,"ROUND(log(2024_Population_Estimate) * log(PerCapitaIncome_INR_2024_25_per_Annum) * AVG(aqi_value), 2)"
Tamil Nadu,Cuddalore,230000,196309,65.3853,239,"ROUND(log(2024_Population_Estimate) * log(PerCapitaIncome_INR_2024_25_per_Annum) * AVG(aqi_value), 2)"
Kerala,Thrissur,347000,160000,64.6234,238,"ROUND(log(2024_Population_Estimate) * log(PerCapitaIncome_INR_2024_25_per_Annum) * AVG(aqi_value), 2)"
Karnataka,Kalaburagi,623000,205000,64.4277,231,"ROUND(log(2024_Population_Estimate) * log(PerCapitaIncome_INR_2024_25_per_Annum) * AVG(aqi_value), 2)"
Karnataka,Chikkaballapur,72000,204605,63.9773,258,"ROUND(log(2024_Population_Estimate) * log(PerCapitaIncome_INR_2024_25_per_Annum) * AVG(aqi_value), 2)"
Kerala,Eloor,63000,240000,63.3267,259,"ROUND(log(2024_Population_Estimate) * log(PerCapitaIncome_INR_2024_25_per_Annum) * AVG(aqi_value), 2)"
Karnataka,Hassan,190000,205000,63.1468,251,"ROUND(log(2024_Population_Estimate) * log(PerCapitaIncome_INR_2024_25_per_Annum) * AVG(aqi_value), 2)"
Meghalaya,Shillong,447000,150000,62.7311,243,"ROUND(log(2024_Population_Estimate) * log(PerCapitaIncome_INR_2024_25_per_Annum) * AVG(aqi_value), 2)"
Tamil Nadu,Tiruchirappalli,1173000,190000,61.359,232,"ROUND(log(2024_Population_Estimate) * log(PerCapitaIncome_INR_2024_25_per_Annum) * AVG(aqi_value), 2)"
Tamil Nadu,Ooty,95000,160000,60.9483,264,"ROUND(log(2024_Population_Estimate) * log(PerCapitaIncome_INR_2024_25_per_Annum) * AVG(aqi_value), 2)"
Karnataka,Ramanagara,109000,200000,60.5756,260,"ROUND(log(2024_Population_Estimate) * log(PerCapitaIncome_INR_2024_25_per_Annum) * AVG(aqi_value), 2)"
Tamil Nadu,Virudhunagar,80000,180000,60.5021,267,"ROUND(log(2024_Population_Estimate) * log(PerCapitaIncome_INR_2024_25_per_Annum) * AVG(aqi_value), 2)"
Tamil Nadu,Namakkal,65000,190000,59.9545,271,"ROUND(log(2024_Population_Estimate) * log(PerCapitaIncome_INR_2024_25_per_Annum) * AVG(aqi_value), 2)"
Madhya Pradesh,Damoh,165000,110000,58.6499,269,"ROUND(log(2024_Population_Estimate) * log(PerCapitaIncome_INR_2024_25_per_Annum) * AVG(aqi_value), 2)"
Karnataka,Karwar,92000,200000,58.0325,270,"ROUND(log(2024_Population_Estimate) * log(PerCapitaIncome_INR_2024_25_per_Annum) * AVG(aqi_value), 2)"
Tamil Nadu,Thoothukudi,304000,190000,57.9411,256,"ROUND(log(2024_Population_Estimate) * log(PerCapitaIncome_INR_2024_25_per_Annum) * AVG(aqi_value), 2)"
Andaman and Nicobar Islands,Sri Vijaya Puram,4400,15000,57.7069,292,"ROUND(log(2024_Population_Estimate) * log(PerCapitaIncome_INR_2024_25_per_Annum) * AVG(aqi_value), 2)"
Karnataka,Davanagere,545000,205000,56.8503,254,"ROUND(log(2024_Population_Estimate) * log(PerCapitaIncome_INR_2024_25_per_Annum) * AVG(aqi_value), 2)"
Tamil Nadu,Kanchipuram,175000,190000,56.8485,265,"ROUND(log(2024_Population_Estimate) * log(PerCapitaIncome_INR_2024_25_per_Annum) * AVG(aqi_value), 2)"
Puducherry,Puducherry,1008000,230000,56.514,246,"ROUND(log(2024_Population_Estimate) * log(PerCapitaIncome_INR_2024_25_per_Annum) * AVG(aqi_value), 2)"
Tamil Nadu,Madurai,1697000,190000,55.9198,242,"ROUND(log(2024_Population_Estimate) * log(PerCapitaIncome_INR_2024_25_per_Annum) * AVG(aqi_value), 2)"
Karnataka,Gadag,216000,205000,55.2406,266,"ROUND(log(2024_Population_Estimate) * log(PerCapitaIncome_INR_2024_25_per_Annum) * AVG(aqi_value), 2)"
Karnataka,Shivamogga,358000,200000,54.7788,261,"ROUND(log(2024_Population_Estimate) * log(PerCapitaIncome_INR_2024_25_per_Annum) * AVG(aqi_value), 2)"
Arunachal Pradesh,Naharlagun,64000,160000,54.4853,278,"ROUND(log(2024_Population_Estimate) * log(PerCapitaIncome_INR_2024_25_per_Annum) * AVG(aqi_value), 2)"
Kerala,Thiruvananthapuram,1002000,240000,54.1503,253,"ROUND(log(2024_Population_Estimate) * log(PerCapitaIncome_INR_2024_25_per_Annum) * AVG(aqi_value), 2)"
Sikkim,Gangtok,135000,230000,53.689,273,"ROUND(log(2024_Population_Estimate) * log(PerCapitaIncome_INR_2024_25_per_Annum) * AVG(aqi_value), 2)"
Madhya Pradesh,Maihar,54000,110000,52.9878,284,"ROUND(log(2024_Population_Estimate) * log(PerCapitaIncome_INR_2024_25_per_Annum) * AVG(aqi_value), 2)"
Tamil Nadu,Ariyalur,754894,196309,51.6695,263,"ROUND(log(2024_Population_Estimate) * log(PerCapitaIncome_INR_2024_25_per_Annum) * AVG(aqi_value), 2)"
Tamil Nadu,Nagapattinam,107000,180000,51.4836,279,"ROUND(log(2024_Population_Estimate) * log(PerCapitaIncome_INR_2024_25_per_Annum) * AVG(aqi_value), 2)"
Karnataka,Mysuru,1252000,205000,51.0194,257,"ROUND(log(2024_Population_Estimate) * log(PerCapitaIncome_INR_2024_25_per_Annum) * AVG(aqi_value), 2)"
Karnataka,Vijayapura,403000,200000,50.3519,272,"ROUND(log(2024_Population_Estimate) * log(PerCapitaIncome_INR_2024_25_per_Annum) * AVG(aqi_value), 2)"
Tamil Nadu,Ramanathapuram,70000,180000,47.96,285,"ROUND(log(2024_Population_Estimate) * log(PerCapitaIncome_INR_2024_25_per_Annum) * AVG(aqi_value), 2)"
Assam,Sivasagar,55000,150000,47.9078,286,"ROUND(log(2024_Population_Estimate) * log(PerCapitaIncome_INR_2024_25_per_Annum) * AVG(aqi_value), 2)"
Assam,Silchar,233000,120000,47.4765,281,"ROUND(log(2024_Population_Estimate) * log(PerCapitaIncome_INR_2024_25_per_Annum) * AVG(aqi_value), 2)"
Karnataka,Chikkamagaluru,130000,204605,47.4557,282,"ROUND(log(2024_Population_Estimate) * log(PerCapitaIncome_INR_2024_25_per_Annum) * AVG(aqi_value), 2)"
Mizoram,Aizawl,415000,275633,47.247,276,"ROUND(log(2024_Population_Estimate) * log(PerCapitaIncome_INR_2024_25_per_Annum) * AVG(aqi_value), 2)"
Kerala,Ernakulam,287000,240000,46.9394,277,"ROUND(log(2024_Population_Estimate) * log(PerCapitaIncome_INR_2024_25_per_Annum) * AVG(aqi_value), 2)"
Karnataka,Bagalkot,1889752,204605,46.4566,268,"ROUND(log(2024_Population_Estimate) * log(PerCapitaIncome_INR_2024_25_per_Annum) * AVG(aqi_value), 2)"
Tamil Nadu,Thanjavur,253000,190000,44.7222,283,"ROUND(log(2024_Population_Estimate) * log(PerCapitaIncome_INR_2024_25_per_Annum) * AVG(aqi_value), 2)"
Tamil Nadu,Palkalaiperur,20000,190000,43.325,289,"ROUND(log(2024_Population_Estimate) * log(PerCapitaIncome_INR_2024_25_per_Annum) * AVG(aqi_value), 2)"
Karnataka,Chamarajanagar,95000,204605,43.0586,288,"ROUND(log(2024_Population_Estimate) * log(PerCapitaIncome_INR_2024_25_per_Annum) * AVG(aqi_value), 2)"
Karnataka,Madikeri,37000,160000,37.8079,291,"ROUND(log(2024_Population_Estimate) * log(PerCapitaIncome_INR_2024_25_per_Annum) * AVG(aqi_value), 2)"
Tamil Nadu,Tirunelveli,576000,180000,32.1101,290,"ROUND(log(2024_Population_Estimate) * log(PerCapitaIncome_INR_2024_25_per_Annum) * AVG(aqi_value), 2)"
