Respiratory Disease,Reason
Acute Respiratory Illness,Directly affects the lungs/airways
ARI (Acute Respiratory Infection) / Influenza-like Illness (ILI),Classic respiratory condition
Adenovirus,Common cause of respiratory tract infections
Diphtheria,"Affects upper respiratory tract (throat, nose)"
Fever and Upper Respiratory Tract Infection (URTI),Upper airway infection
H3N2,Influenza subtype � respiratory virus
HMPV (Human Metapneumovirus),"Lower respiratory tract virus, especially in children"
Influenza,Viral respiratory illness
Influenza A,Subtype of Influenza virus
Measles,Initial symptoms include cough and runny nose; spreads via air
Measles and Rubella,Both are airborne and start with respiratory symptoms
Mumps,"Transmitted via respiratory droplets, affects salivary glands"
Pertussis (Whooping Cough),"Severe cough, directly affects airways"
Rubella,"Airborne viral disease, begins with respiratory symptoms"
Seasonal Influenza,"Respiratory virus, flu symptoms"
Swine Flu (H1N1),"Subtype of influenza virus, respiratory illness"
Chickenpox,"Airborne transmission, includes respiratory spread in early stages"
Chickenpox and Measles,Both airborne with respiratory involvement
Monkeypox (Mpox),Can involve respiratory droplet spread (especially in outbreaks)
