State_UT,Type,Region
Andaman and Nicobar Islands,Union Territory,South
Andhra Pradesh,State,South
Arunachal Pradesh,State,Northeast
Assam,State,Northeast
Bihar,State,East
Chandigarh,Union Territory,North
Chhattisgarh,State,Central
Dadra and Nagar Haveli and Daman and Diu,Union Territory,West
Delhi,Union Territory,North
Goa,State,West
Gujarat,State,West
Haryana,State,North
Himachal Pradesh,State,North
Jammu and Kashmir,Union Territory,North
Jharkhand,State,East
Karnataka,State,South
Kerala,State,South
Ladakh,Union Territory,North
Lakshadweep,Union Territory,South
Madhya Pradesh,State,Central
Maharashtra,State,West
Manipur,State,Northeast
Meghalaya,State,Northeast
Mizoram,State,Northeast
Nagaland,State,Northeast
Odisha,State,East
Puducherry,Union Territory,South
Punjab,State,North
Rajasthan,State,Northwest
Sikkim,State,Northeast
Tamil Nadu,State,South
Telangana,State,South
Tripura,State,Northeast
Uttar Pradesh,State,North
Uttarakhand,State,North
West Bengal,State,East
